client,client_entities_total,bank,entities_at_bank,accounts_at_bank,active_accounts_at_bank,tx_total,tx_last_90d,monthly_amount_usd,mrr_usd,hubspot_deal,match_confidence
Farmacias San Ignacio,74,BBVA,73,93,84,467622,275038,1500,2000,Red de farmacias San Ignacio,medium
Grupo Abreu,23,BBVA,23,44,44,55149,10376,2199,,Grupo Abreu,high
"MangoCenter, C.A.",1,BBVA,1,3,3,35215,9635,649,,Mangocenter,high
FARMABIEN,1,BBVA,1,3,3,9351,8342,1000,,Farmabien,high
NETUNO,3,BBVA,1,12,11,29843,7559,1499,,NetUno,high
APB GROUP,11,BBVA,11,22,18,11900,7123,650,650,APB Group,high
Cines unidos,2,BBVA,2,7,6,76457,7114,225,,Cines Unidos,high
"Corporación JSL, C.A.",1,BBVA,1,9,3,24680,6475,599,,Crustissimo,high
Protinal,12,BBVA,6,12,6,6567,5321,600,600,Protinal Proagro,high
AVICOLA LAS TUNAS,2,BBVA,2,4,3,9804,5080,799,799,Alimentos Las Tunas C.A,high
"Alimentos Alvarigua, c.a.",1,BBVA,1,9,5,19719,5020,449,,Alvarigua,high
alimentosmunchy,1,BBVA,1,4,3,24295,4748,1000,,Alimentos Munchy,high
Grupo Ama de casa,3,BBVA,3,10,8,38936,4395,250,,Ama de Casa,medium
Grupo Mimesa,3,BBVA,3,9,8,32182,4241,750,1500,Grupo Mimesa,high
Centro Medico de Oncologia,1,BBVA,1,1,1,7091,3399,455,650,Centro Medico de Oncologia - New Deal,high
Asoportuguesa,5,BBVA,4,11,11,14061,3236,750,,ASOPORTUGUESA,high
Gruporica,2,BBVA,2,10,10,8194,3206,449,,Grupo Rica,high
PASTCA,1,BBVA,1,3,3,46853,2921,349,,Paisa (Pasteurizadora Táchira),high
Empresas Tapa Amarilla,2,BBVA,1,5,4,9187,2499,599,,Empresas Tapa Amarilla,high
CORPORACION BEL,17,BBVA,2,3,3,4090,2423,500,800,Corporación Bel,high
Maxy Sweet,5,BBVA,2,3,3,5240,2381,315,450,Maxy Sweet (Grupo Da Silva),high
Grupo Landa,8,BBVA,4,8,7,15520,2201,375,,Grupo Landa,high
GRUPO MOLINA VIAJES,2,BBVA,2,3,2,8579,2195,450,,Molina Viajes,high
INQUIPORT,1,BBVA,1,7,3,2227,2146,1000,,Inquiport,high
Covencaucho,1,BBVA,1,17,14,2147,2144,1750,,Covencaucho Industrias S.A,medium
MOTASA,4,BBVA,3,5,3,12062,2002,350,,Motasa,high
Casagri de Lara,1,BBVA,1,5,3,5426,1967,490,700,Casagri,high
ALIMENTOS LPRADO,2,BBVA,1,2,2,10998,1852,999,,Alimentos L'Prado,high
"Estar Seguros, S.A.",1,BBVA,1,2,2,10409,1716,549,,"Estar Seguros, S.A.",high
GRUPO DINAMO,5,BBVA,5,9,8,11092,1709,375,,Dinamo,high
Laboratorios Elmor,3,BBVA,3,4,4,14782,1707,349,,Elmor,high
MARCAS PROPIAS,2,BBVA,2,4,3,2242,1692,1900,,Balú - Grupo Futura,high
Marambio Rivillo Perez Pineda,3,BBVA,3,5,4,16676,1644,50,,Marambio Rivillo Perez Pineda,high
CAMOR INTERNACIONAL,9,BBVA,3,6,3,3539,1614,1100,,Camor International,high
EUROMERCADO C.A.,2,BBVA,2,5,4,1626,1395,729,777.81,Euromercado,high
Grupo Maralac,4,BBVA,3,4,4,5220,1298,299,,Grupo Maralac,high
Grupo Leiros,13,BBVA,8,10,10,6205,1244,699,,Grupo Leiros,high
suvica,3,BBVA,3,3,3,4756,1199,500,,Suvica,high
Cencozotti,1,BBVA,1,2,1,2241,1070,449,,Cencozotti,high
Megalabs,1,BBVA,1,5,3,3383,926,800,,Megalabs,high
SEGVEN,1,BBVA,1,4,4,2707,908,849,849,Seguros Venezuela,high
Bandecorp,7,BBVA,1,3,3,2217,899,1000,900,Bande Corp,high
Grupo Ramvall,5,BBVA,1,2,2,1867,879,600,900,Latinbien (Grupo Ramvall),high
Grupo Quo Vadis,1,BBVA,1,4,4,4556,853,349,,Quo Vadis Viajes,high
Pharmakum,2,BBVA,2,4,3,3841,847,693,600,Laboratorios Pharmakum,high
Procesadora Marsoca,3,BBVA,1,3,2,10656,836,350,,Marsoca,high
TORONDOY,2,BBVA,1,5,3,3422,740,800,1000,Lácteos Torondoy,high
Valles del Turbio,2,BBVA,1,5,5,3448,716,250,250,Importadora VDT,high
Laboratorios Biotech,2,BBVA,2,3,3,1521,525,350,350,Laboratorios Biotech,high
Arawak,1,BBVA,1,2,2,503,503,332.5,475,Alimentos Arawak,high
Capitalfoods,2,BBVA,1,2,2,3015,468,449,,Capital Foods,high
"TAMAYO & CIA.,S.A.",2,BBVA,1,2,2,3051,426,300,,Tamayo & CIA S.A,high
Grupo cashea,1,BBVA,1,5,4,2509,414,7000,7000,Cashea,high
Grupo Del Este,6,BBVA,6,8,6,2245,376,300,,Grupo del Este,high
Alimentos Global,5,BBVA,2,2,1,1219,318,400,400,"Comercializadora de Alimentos Global M&P, C.A",high
KAIZEN,10,BBVA,2,2,2,249,225,3000,,Kaizen,high
Comercializadora Tiares CA,1,BBVA,1,4,2,186,184,350,350,Comercializadora Tiares,high
GRUPO MAR,1,BBVA,1,1,1,616,141,450,,Casa MAR,high
FIVENCA,5,BBVA,3,6,6,253,48,500,,Fivenca,high
Real Seguros S.A.,1,BBVA,1,4,3,61,18,1000,1250,Real Seguros,high
Canguro Venezuela,11,BBVA,1,4,2,94,6,1350,,Canguro Venezuela,high
FLETY,2,BBVA,1,2,1,29,4,130,,Flety,high
"Distribuidora Inmarket, C.A.",1,BBVA,1,2,0,39,0,300,,Distribuidora Inmarket,high
Grupo Avila,5,BBVA,4,5,0,239,0,750,,Grupo Avila,high
GRUPO FUTURA,11,BBVA,10,30,0,16540,0,1000,,Futura Retail,high
CONSORCIO MEDISOLUTIONS,7,BBVA,4,20,0,777,0,379,,Grupo Medisolutions,high
corpoeureka,1,BBVA,0,2,0,17,0,,,,no_won_deal
CALA,2,BBVA,2,4,0,2399,0,100,,CALA,high
EWAY,1,BBVA,1,1,0,1,0,449,,Eway,high
"Supermercados Luxor, C.A.",10,BBVA,5,5,0,1065,0,750,,Supermercados Luxor,high
Grupo Abreu,23,Banesco,19,51,36,917835,167913,2199,,Grupo Abreu,high
NETUNO,3,Banesco,1,8,8,492829,165055,1499,,NetUno,high
Supermercados Rio Vida,3,Banesco,3,7,5,332579,117208,250,,Supermercados RioVida,high
Farmacias San Ignacio,74,Banesco,59,71,57,220996,110143,1500,2000,Red de farmacias San Ignacio,medium
CAMOR INTERNACIONAL,9,Banesco,8,41,32,222222,61511,1100,,Camor International,high
Canguro Venezuela,11,Banesco,10,12,10,135352,54307,1350,,Canguro Venezuela,high
Grupo UP,3,Banesco,3,15,14,147762,38943,999,,Constructora Pedeca,high
FARMABIEN,1,Banesco,1,6,4,25832,24116,1000,,Farmabien,high
Cines unidos,2,Banesco,2,8,7,90950,18769,225,,Cines Unidos,high
MARCAS PROPIAS,2,Banesco,2,4,3,30782,17652,1900,,Balú - Grupo Futura,high
Grupo cashea,1,Banesco,1,4,3,28825,13676,7000,7000,Cashea,high
INVERSIONES PAD 21,8,Banesco,6,13,9,63845,13245,750,,Inversiones PAD 21,high
Grupo Leiros,13,Banesco,13,15,15,51611,10454,699,,Grupo Leiros,high
"Alimentos Alvarigua, c.a.",1,Banesco,1,3,3,39858,9665,449,,Alvarigua,high
ALIMENTOS LPRADO,2,Banesco,2,4,2,55262,8673,999,,Alimentos L'Prado,high
COSEIMPA,2,Banesco,2,4,4,37827,7977,500,,Coseimpa,high
Maxy Sweet,5,Banesco,5,8,7,15399,7681,315,450,Maxy Sweet (Grupo Da Silva),high
alimentosmunchy,1,Banesco,1,2,1,29624,6912,1000,,Alimentos Munchy,high
Soluciones Tu Gruero,1,Banesco,1,2,1,20194,6049,449,,Tu Gruero,high
EOODI,4,Banesco,4,13,12,21883,5785,800,1000,En Otro Orden de Ideas,high
Yummy,3,Banesco,2,5,3,14152,5736,500,,Yummy,high
"MangoCenter, C.A.",1,Banesco,1,1,1,17641,5616,649,,Mangocenter,high
PLAN B,23,Banesco,15,18,13,27595,5586,999,,Plan B,high
Grupo Landa,8,Banesco,5,10,5,25872,5556,375,,Grupo Landa,high
Alimentos Global,5,Banesco,4,15,9,13969,5376,400,400,"Comercializadora de Alimentos Global M&P, C.A",high
CORPORACION BEL,17,Banesco,17,29,9,12651,4583,500,800,Corporación Bel,high
Empresas Tapa Amarilla,2,Banesco,2,2,2,16806,4569,599,,Empresas Tapa Amarilla,high
"Estar Seguros, S.A.",1,Banesco,1,1,1,26479,4457,549,,"Estar Seguros, S.A.",high
Grupo Nueve Once,2,Banesco,2,4,2,27566,4447,449,,Grupo Nueve Once,high
Cruz Roja,1,Banesco,1,11,8,8103,4355,612.5,875,Cruz Roja Venezolana,high
PINECO,4,Banesco,4,4,4,14868,4073,450,,Pineco,high
APB GROUP,11,Banesco,10,22,10,6135,3930,650,650,APB Group,high
Grupo Del Este,6,Banesco,4,4,4,12562,3882,300,,Grupo del Este,high
PASTCA,1,Banesco,1,2,1,23987,3750,349,,Paisa (Pasteurizadora Táchira),high
Grupo Mimesa,3,Banesco,3,9,3,37234,3614,750,1500,Grupo Mimesa,high
Megalabs,1,Banesco,1,3,1,11344,3562,800,,Megalabs,high
Grupo Maralac,4,Banesco,4,5,4,21841,3384,299,,Grupo Maralac,high
Capitalfoods,2,Banesco,2,5,3,10850,3171,449,,Capital Foods,high
suvica,3,Banesco,2,4,2,11206,3092,500,,Suvica,high
Casagri de Lara,1,Banesco,1,2,2,7705,3036,490,700,Casagri,high
Grupo Ramvall,5,Banesco,5,6,6,6072,2866,600,900,Latinbien (Grupo Ramvall),high
Bandecorp,7,Banesco,2,3,2,8006,2832,1000,900,Bande Corp,high
GRUPO DINAMO,5,Banesco,3,7,3,14014,2503,375,,Dinamo,high
VIVA SUPERCENTRO,1,Banesco,1,3,1,11140,2478,749,,Viva Supercentro,high
Asoportuguesa,5,Banesco,3,6,4,7185,2435,750,,ASOPORTUGUESA,high
Centro Medico de Oncologia,1,Banesco,1,1,1,4700,2144,455,650,Centro Medico de Oncologia - New Deal,high
Grupo NSM,14,Banesco,5,6,5,9881,2097,499,,Grupo NSM,high
"Corporación JSL, C.A.",1,Banesco,1,4,2,28017,1934,599,,Crustissimo,high
Noordzee Fantasie Luxury Group,1,Banesco,1,2,1,2429,1911,,,,no_won_deal
Procesadora Marsoca,3,Banesco,2,2,2,11352,1880,350,,Marsoca,high
Grupo traki,1,Banesco,1,4,1,10914,1855,349,,Traki,high
TORONDOY,2,Banesco,1,3,2,7852,1813,800,1000,Lácteos Torondoy,high
Comercializadora Tiares CA,1,Banesco,1,3,1,6244,1812,350,350,Comercializadora Tiares,high
Tealca,1,Banesco,1,3,3,18860,1749,300,,Tealca,high
Grupo Ama de casa,3,Banesco,1,6,5,13160,1602,250,,Ama de Casa,medium
Grupo Quo Vadis,1,Banesco,1,2,2,9574,1358,349,,Quo Vadis Viajes,high
Laboratorios Biotech,2,Banesco,1,1,1,3001,1236,350,350,Laboratorios Biotech,high
Protinal,12,Banesco,1,2,1,1090,1089,600,600,Protinal Proagro,high
"TAMAYO & CIA.,S.A.",2,Banesco,1,1,1,6950,920,300,,Tamayo & CIA S.A,high
Disbattery Lubricantes S.A,1,Banesco,1,2,2,7621,883,750,,Disbattery,medium
Arawak,1,Banesco,1,2,1,2983,878,332.5,475,Alimentos Arawak,high
Besser,1,Banesco,1,2,2,835,835,750,,Besser Solutions - New Deal,medium
EUROMERCADO C.A.,2,Banesco,2,9,1,917,815,729,777.81,Euromercado,high
herramientas sbdk,1,Banesco,1,2,1,804,803,,,,no_won_deal
FLETY,2,Banesco,2,4,2,5644,755,130,,Flety,high
Grupo Velutini,9,Banesco,9,25,16,11582,745,1999,,Grupo Velutini,high
Cencozotti,1,Banesco,1,2,2,3596,744,449,,Cencozotti,high
Sizuca,1,Banesco,1,2,2,3338,711,350,,Sizuca,high
SEGVEN,1,Banesco,1,2,1,1373,711,849,849,Seguros Venezuela,high
GRUPO MOLINA VIAJES,2,Banesco,1,2,1,2393,613,450,,Molina Viajes,high
AVICOLA LAS TUNAS,2,Banesco,1,3,2,3699,570,799,799,Alimentos Las Tunas C.A,high
Real Seguros S.A.,1,Banesco,1,2,1,1302,524,1000,1250,Real Seguros,high
Agroavicola del Llano,1,Banesco,1,2,1,491,490,3500,,Agroavícola del Llano,high
Crecer,2,Banesco,2,6,6,24813,435,3000,,Seguros Crecer,high
Grupo Parawa,4,Banesco,2,4,2,4590,425,350,,Grupo Parawa,high
La Sante,1,Banesco,1,2,1,2971,370,350,,La Sante,high
GRUPO BAZZI,2,Banesco,2,4,2,3067,355,450,,Grupo Bazzi,high
Corporación Tu Aliado Digital,3,Banesco,1,1,1,212,212,1000,,Tu Aliado Venezuela,high
Sanu Corp,2,Banesco,1,2,1,3075,203,249,,Sanucorp,high
Socado Coffee Bar,1,Banesco,1,2,1,3774,182,400,,Socado,medium
Valles del Turbio,2,Banesco,1,2,1,945,175,250,250,Importadora VDT,high
Somos Jomi C.A,1,Banesco,1,2,1,249,90,349,,Jomi App,high
Laboratorios Elmor,3,Banesco,1,3,1,110,54,349,,Elmor,high
Marambio Rivillo Perez Pineda,3,Banesco,1,2,1,425,40,50,,Marambio Rivillo Perez Pineda,high
Grupo Gipsy,16,Banesco,1,1,1,327,33,1000,,Grupo Gipsy,high
Tendencia Virtual,1,Banesco,1,2,1,3558,17,,,,no_won_deal
FIVENCA,5,Banesco,1,2,2,93,17,500,,Fivenca,high
GRUPO FUTURA,11,Banesco,2,4,0,91,0,1000,,Futura Retail,high
Koopex,1,Banesco,1,1,0,2461,0,,,,no_won_deal
EWAY,1,Banesco,1,2,0,183,0,449,,Eway,high
Grupo Canaima,176,Banesco,176,178,0,37519,0,750,,Grupo Canaima,high
Hispana de Seguros,1,Banesco,1,1,0,67436,0,599,,Hispana de Seguros,high
Grupo Avila,5,Banesco,1,1,0,3802,0,750,,Grupo Avila,high
Granos Sagrados,1,Banesco,1,1,0,139,0,650,650,Granos Sagrados Trading Corp - New Deal,high
ANV,1,Banesco,1,2,0,696,0,,,,no_won_deal
Dimassi,1,Banesco,1,2,0,3567,0,1200,1500,Di Massi,high
CONSORCIO MEDISOLUTIONS,7,Banesco,5,10,0,5843,0,379,,Grupo Medisolutions,high
NETUNO,3,Mercantil,3,10,10,859713,205893,1499,,NetUno,high
FARMABIEN,1,Mercantil,1,13,12,113759,97627,1000,,Farmabien,high
Gruporica,2,Mercantil,2,33,20,134414,58321,449,,Grupo Rica,high
Cines unidos,2,Mercantil,2,6,4,337095,29930,225,,Cines Unidos,high
CAMOR INTERNACIONAL,9,Mercantil,6,10,6,116174,29550,1100,,Camor International,high
INVERSIONES PAD 21,8,Mercantil,5,10,5,70365,25948,750,,Inversiones PAD 21,high
"Estar Seguros, S.A.",1,Mercantil,1,2,2,107401,19280,549,,"Estar Seguros, S.A.",high
Supermercados Rio Vida,3,Mercantil,1,3,2,152919,10600,250,,Supermercados RioVida,high
Protinal,12,Mercantil,11,24,13,11166,9479,600,600,Protinal Proagro,high
COSEIMPA,2,Mercantil,2,23,9,26563,7338,500,,Coseimpa,high
KAIZEN,10,Mercantil,10,10,10,37835,6956,3000,,Kaizen,high
AVICOLA LAS TUNAS,2,Mercantil,2,5,4,16638,6951,799,799,Alimentos Las Tunas C.A,high
Grupo Gipsy,16,Mercantil,16,35,20,56656,6746,1000,,Grupo Gipsy,high
Grupo Landa,8,Mercantil,8,21,16,53709,6265,375,,Grupo Landa,high
Procesadora Marsoca,3,Mercantil,2,3,2,20347,5787,350,,Marsoca,high
Corporación Angles,1,Mercantil,1,12,10,21725,5676,349,,Corporación Angles,high
Tealca,1,Mercantil,1,3,3,302538,4793,300,,Tealca,high
Socado Coffee Bar,1,Mercantil,1,10,7,9674,4593,400,,Socado,medium
"Corporación JSL, C.A.",1,Mercantil,1,4,2,7908,3664,599,,Crustissimo,high
Maxy Sweet,5,Mercantil,4,10,4,4146,3405,315,450,Maxy Sweet (Grupo Da Silva),high
"Alimentos Alvarigua, c.a.",1,Mercantil,1,2,1,9511,3295,449,,Alvarigua,high
Comercializadora Tiares CA,1,Mercantil,1,5,5,9108,3204,350,350,Comercializadora Tiares,high
Corporación Tu Aliado Digital,3,Mercantil,3,11,4,3202,3195,1000,,Tu Aliado Venezuela,high
VIVA SUPERCENTRO,1,Mercantil,1,3,2,13455,2910,749,,Viva Supercentro,high
alimentosmunchy,1,Mercantil,1,3,2,11722,2809,1000,,Alimentos Munchy,high
MARCAS PROPIAS,2,Mercantil,2,13,9,2496,2492,1900,,Balú - Grupo Futura,high
Casagri de Lara,1,Mercantil,1,7,3,6650,2402,490,700,Casagri,high
ALIMENTOS LPRADO,2,Mercantil,2,3,2,13017,2348,999,,Alimentos L'Prado,high
PASTCA,1,Mercantil,1,2,2,2140,2140,349,,Paisa (Pasteurizadora Táchira),high
Centro Medico de Oncologia,1,Mercantil,1,2,1,4258,1988,455,650,Centro Medico de Oncologia - New Deal,high
APB GROUP,11,Mercantil,8,22,7,2372,1962,650,650,APB Group,high
MOTASA,4,Mercantil,3,5,4,5553,1915,350,,Motasa,high
ARMI,1,Mercantil,1,2,2,8484,1855,300,,Armi,high
Grupo Quo Vadis,1,Mercantil,1,3,3,4400,1662,349,,Quo Vadis Viajes,high
SEGVEN,1,Mercantil,1,3,3,4293,1585,849,849,Seguros Venezuela,high
Laboratorios Biotech,2,Mercantil,1,3,3,3942,1439,350,350,Laboratorios Biotech,high
Asoportuguesa,5,Mercantil,3,11,3,3980,1398,750,,ASOPORTUGUESA,high
Sizuca,1,Mercantil,1,5,4,9500,1317,350,,Sizuca,high
GRUPO MOLINA VIAJES,2,Mercantil,2,6,5,6377,1241,450,,Molina Viajes,high
Grupo Ramvall,5,Mercantil,4,8,5,3944,1129,600,900,Latinbien (Grupo Ramvall),high
Grupo Vertice,10,Mercantil,10,15,10,1124,1119,3150,,Mykonos,high
Valles del Turbio,2,Mercantil,2,5,3,6446,1028,250,250,Importadora VDT,high
Cencozotti,1,Mercantil,1,3,3,6408,1020,449,,Cencozotti,high
Prevaler,1,Mercantil,1,3,1,998,996,1150,,Prevaler,high
Arawak,1,Mercantil,1,1,1,2399,961,332.5,475,Alimentos Arawak,high
Pharmakum,2,Mercantil,2,4,3,3338,901,693,600,Laboratorios Pharmakum,high
suvica,3,Mercantil,1,3,1,2097,886,500,,Suvica,high
LABORATORIOS KIMICEG C.A,1,Mercantil,1,1,1,3057,871,449,,LABORATORIOS KIMICEG,high
Capitalfoods,2,Mercantil,2,5,3,1788,829,449,,Capital Foods,high
Megalabs,1,Mercantil,1,2,1,2830,825,800,,Megalabs,high
Laboratorios Elmor,3,Mercantil,1,2,2,7452,801,349,,Elmor,high
Grupo Leiros,13,Mercantil,1,1,1,688,646,699,,Grupo Leiros,high
Alimentos Global,5,Mercantil,2,2,2,1339,478,400,400,"Comercializadora de Alimentos Global M&P, C.A",high
"MangoCenter, C.A.",1,Mercantil,1,1,1,1441,426,649,,Mangocenter,high
"TAMAYO & CIA.,S.A.",2,Mercantil,2,3,3,2726,422,300,,Tamayo & CIA S.A,high
Grupo Ama de casa,3,Mercantil,1,3,1,6066,397,250,,Ama de Casa,medium
Grupo Nueve Once,2,Mercantil,1,2,1,2243,385,449,,Grupo Nueve Once,high
Grupo Del Este,6,Mercantil,3,3,3,1883,370,300,,Grupo del Este,high
Curiara,1,Mercantil,1,1,1,5074,351,350,,Curiara,high
Yummy,3,Mercantil,2,5,2,2134,335,500,,Yummy,high
FIVENCA,5,Mercantil,4,6,6,1895,330,500,,Fivenca,high
Bandecorp,7,Mercantil,1,2,2,895,299,1000,900,Bande Corp,high
Agroavicola del Llano,1,Mercantil,1,2,1,266,265,3500,,Agroavícola del Llano,high
Grupo cashea,1,Mercantil,1,5,3,2069,242,7000,7000,Cashea,high
Grupo Maralac,4,Mercantil,1,1,1,488,222,299,,Grupo Maralac,high
GRUPO DINAMO,5,Mercantil,3,6,3,1502,207,375,,Dinamo,high
TORONDOY,2,Mercantil,2,7,2,1225,184,800,1000,Lácteos Torondoy,high
Cruz Roja,1,Mercantil,1,9,4,412,182,612.5,875,Cruz Roja Venezolana,high
PINECO,4,Mercantil,1,1,1,508,126,450,,Pineco,high
Canguro Venezuela,11,Mercantil,1,3,1,42518,123,1350,,Canguro Venezuela,high
Sanu Corp,2,Mercantil,2,5,1,169,46,249,,Sanucorp,high
Noordzee Fantasie Luxury Group,1,Mercantil,1,2,2,41,41,,,,no_won_deal
Real Seguros S.A.,1,Mercantil,1,1,1,50,7,1000,1250,Real Seguros,high
GRUPO FUTURA,11,Mercantil,5,48,0,8660,0,1000,,Futura Retail,high
CONSORCIO MEDISOLUTIONS,7,Mercantil,6,19,0,1067,0,379,,Grupo Medisolutions,high
CALA,2,Mercantil,1,3,0,1341,0,100,,CALA,high
Hispana de Seguros,1,Mercantil,1,1,0,12108,0,599,,Hispana de Seguros,high
Ridery,1,Mercantil,1,1,0,40,0,,,,no_won_deal
ROBUST TIRES Finanzas Corporativas,1,Mercantil,1,1,0,910,0,455,650,Robust Tires,medium
Grupo Parawa,4,Mercantil,4,8,0,24563,0,350,,Grupo Parawa,high
EUROMERCADO C.A.,2,Mercantil,1,1,0,1,0,729,777.81,Euromercado,high
"Supermercados Luxor, C.A.",10,Mercantil,9,19,0,41810,0,750,,Supermercados Luxor,high
GRUPO MAR,1,Mercantil,1,1,0,642,0,450,,Casa MAR,high
goliiive,1,Mercantil,1,6,0,1284,0,350,,goliiive,high
Grupoforum,26,Mercantil,26,32,0,15758,0,2399,,Forum Supermayorista,high
Victum Legal,1,Mercantil,1,1,0,722,0,100,,VICTUM LEGAL,high
Grupo Canaima,176,Mercantil,1,1,0,462,0,750,,Grupo Canaima,high
Welf,1,Mercantil,1,2,0,78,0,349,,GSI Food,high
Grupo Abreu,23,Bancaribe,19,31,31,1212383,155422,2199,,Grupo Abreu,high
NETUNO,3,Bancaribe,1,7,4,13241,10820,1499,,NetUno,high
Canguro Venezuela,11,Bancaribe,3,6,4,19270,8533,1350,,Canguro Venezuela,high
Grupo NSM,14,Bancaribe,13,20,15,17156,5040,499,,Grupo NSM,high
Supermercados Rio Vida,3,Bancaribe,1,3,2,28449,4583,250,,Supermercados RioVida,high
Crixto Venezuela,1,Bancaribe,1,2,1,4083,3773,1999,1999,Crixto,high
Tealca,1,Bancaribe,1,2,2,40181,2992,300,,Tealca,high
corpoeureka,1,Bancaribe,1,5,3,8183,2191,,,,no_won_deal
PLAN B,23,Bancaribe,22,22,22,8297,1701,999,,Plan B,high
Real Seguros S.A.,1,Bancaribe,1,4,4,5157,1687,1000,1250,Real Seguros,high
SEGVEN,1,Bancaribe,1,11,10,4673,1491,849,849,Seguros Venezuela,high
Bandecorp,7,Bancaribe,7,10,8,3898,1347,1000,900,Bande Corp,high
INVERSIONES PAD 21,8,Bancaribe,5,18,10,11441,931,750,,Inversiones PAD 21,high
Grupo Landa,8,Bancaribe,4,9,8,7718,795,375,,Grupo Landa,high
APB GROUP,11,Bancaribe,8,16,8,1189,671,650,650,APB Group,high
Asoportuguesa,5,Bancaribe,3,8,5,2413,614,750,,ASOPORTUGUESA,high
alimentosmunchy,1,Bancaribe,1,3,2,2068,535,1000,,Alimentos Munchy,high
PASTCA,1,Bancaribe,1,3,2,3508,507,349,,Paisa (Pasteurizadora Táchira),high
Centro Medico de Oncologia,1,Bancaribe,1,2,1,961,506,455,650,Centro Medico de Oncologia - New Deal,high
"Alimentos Alvarigua, c.a.",1,Bancaribe,1,2,1,2174,452,449,,Alvarigua,high
Capitalfoods,2,Bancaribe,2,4,2,1218,362,449,,Capital Foods,high
Procesadora Marsoca,3,Bancaribe,3,8,4,3545,357,350,,Marsoca,high
Corporación Tu Aliado Digital,3,Bancaribe,1,3,2,340,339,1000,,Tu Aliado Venezuela,high
Laboratorios Elmor,3,Bancaribe,1,2,2,3786,325,349,,Elmor,high
CORPORACION BEL,17,Bancaribe,1,2,2,486,264,500,800,Corporación Bel,high
Casagri de Lara,1,Bancaribe,1,2,2,685,224,490,700,Casagri,high
Grupo Quo Vadis,1,Bancaribe,1,2,2,816,208,349,,Quo Vadis Viajes,high
LABORATORIOS KIMICEG C.A,1,Bancaribe,1,2,2,675,193,449,,LABORATORIOS KIMICEG,high
ALIMENTOS LPRADO,2,Bancaribe,1,1,1,557,159,999,,Alimentos L'Prado,high
COSEIMPA,2,Bancaribe,2,3,2,757,159,500,,Coseimpa,high
Valles del Turbio,2,Bancaribe,1,3,2,892,114,250,250,Importadora VDT,high
Grupo Mimesa,3,Bancaribe,1,3,2,90,89,750,1500,Grupo Mimesa,high
AVICOLA LAS TUNAS,2,Bancaribe,1,2,2,1225,88,799,799,Alimentos Las Tunas C.A,high
TORONDOY,2,Bancaribe,1,3,2,811,83,800,1000,Lácteos Torondoy,high
INQUIPORT,1,Bancaribe,1,2,1,61,60,1000,,Inquiport,high
Grupo cashea,1,Bancaribe,1,3,2,638,57,7000,7000,Cashea,high
"TAMAYO & CIA.,S.A.",2,Bancaribe,1,2,2,348,49,300,,Tamayo & CIA S.A,high
Protinal,12,Bancaribe,2,4,1,50,47,600,600,Protinal Proagro,high
Yummy,3,Bancaribe,3,6,3,550,28,500,,Yummy,high
FIVENCA,5,Bancaribe,3,3,3,116,27,500,,Fivenca,high
Grupo Ama de casa,3,Bancaribe,1,1,1,145,13,250,,Ama de Casa,medium
Pharmakum,2,Bancaribe,1,2,1,28,8,693,600,Laboratorios Pharmakum,high
Dimassi,1,Bancaribe,1,2,0,16,0,1200,1500,Di Massi,high
herramientas sbdk,1,Bancaribe,1,2,0,2,0,,,,no_won_deal
FLETY,2,Bancaribe,1,2,0,141,0,130,,Flety,high
La Sante,1,Bancaribe,1,1,0,47,0,350,,La Sante,high
Curiara,1,Bancaribe,1,1,0,3123,0,350,,Curiara,high
